7.45E+09,-0.0570441,7.45E+09,0.009854
7.45E+09,-0.0618795,7.45E+09,0.009387
7.45E+09,-0.0564742,7.45E+09,0.0157405
7.45E+09,-0.0540489,7.45E+09,0.0105512
7.45E+09,-0.0619596,7.45E+09,0.0119654
7.45E+09,-0.0556437,7.45E+09,0.00672743
7.45E+09,-0.0592661,7.45E+09,0.00928973
7.45E+09,-0.0568111,7.45E+09,0.00993212
7.45E+09,-0.0611529,7.45E+09,0.00565673
7.45E+09,-0.0604276,7.45E+09,0.0115918
7.45E+09,-0.0630537,7.45E+09,0.011464
7.45E+09,-0.0635517,7.45E+09,0.0170778
7.45E+09,-0.0592938,7.45E+09,0.012277
7.45E+09,-0.0629975,7.45E+09,0.00998732
7.45E+09,-0.0613358,7.45E+09,0.0111436
7.45E+09,-0.0599521,7.45E+09,0.0103161
7.45E+09,-0.0570164,7.45E+09,0.0104618
7.45E+09,-0.0634142,7.45E+09,0.00719739
7.45E+09,-0.0638019,7.45E+09,0.0114935
7.45E+09,-0.0608736,7.45E+09,0.0102374
7.45E+09,-0.0603686,7.45E+09,0.017557
7.45E+09,-0.0625309,7.45E+09,0.00905689
7.45E+09,-0.0619538,7.45E+09,0.0120633
7.45E+09,-0.0652249,7.45E+09,0.00982365
7.45E+09,-0.0635653,7.45E+09,0.0145004
7.45E+09,-0.0624921,7.45E+09,0.0166671
7.45E+09,-0.0537434,7.45E+09,0.00947229
7.45E+09,-0.0560524,7.45E+09,0.0109627
7.45E+09,-0.0630241,7.45E+09,0.0135076
7.45E+09,-0.0645964,7.45E+09,0.00776381
7.45E+09,-0.062988,7.45E+09,0.012304
7.45E+09,-0.0647481,7.45E+09,0.0112273
7.45E+09,-0.0635233,7.45E+09,0.00805337
7.45E+09,-0.0627005,7.45E+09,0.0133372
7.45E+09,-0.0626448,7.45E+09,0.0115523
7.45E+09,-0.0628317,7.45E+09,0.0111795
7.45E+09,-0.057505,7.45E+09,0.0159315
7.45E+09,-0.0615602,7.45E+09,0.00968101
7.45E+09,-0.0601382,7.45E+09,0.00770882
7.45E+09,-0.0633993,7.45E+09,0.0113988
7.45E+09,-0.0632554,7.45E+09,0.0121118
7.45E+09,-0.0620903,7.45E+09,0.00331285
7.45E+09,-0.0573574,7.45E+09,0.0119588
7.45E+09,-0.0626056,7.45E+09,0.0104635
7.45E+09,-0.0660766,7.45E+09,0.00694337
7.45E+09,-0.0638826,7.45E+09,0.0125623
7.45E+09,-0.0588692,7.45E+09,0.0156936
7.45E+09,-0.061866,7.45E+09,0.0084097
7.45E+09,-0.0607517,7.45E+09,0.00358115
7.45E+09,-0.0583791,7.45E+09,0.0121411
7.45E+09,-0.0600004,7.45E+09,0.01032
7.45E+09,-0.0569237,7.45E+09,0.0158321
7.45E+09,-0.0585177,7.45E+09,0.0132146
7.45E+09,-0.0583629,7.45E+09,0.0155282
7.45E+09,-0.0651604,7.45E+09,0.0158132
7.45E+09,-0.0595979,7.45E+09,0.013782
7.45E+09,-0.0612172,7.45E+09,0.0103309
7.45E+09,-0.0574471,7.45E+09,0.0125725
7.45E+09,-0.0665744,7.45E+09,0.0142669
7.45E+09,-0.0586168,7.45E+09,0.00932895
7.45E+09,-0.0628895,7.45E+09,0.0118087
7.45E+09,-0.0586302,7.45E+09,0.0124855
7.45E+09,-0.0605598,7.45E+09,0.0102497
7.45E+09,-0.058748,7.45E+09,0.0073037
7.45E+09,-0.0622989,7.45E+09,0.01346
7.45E+09,-0.0644272,7.45E+09,0.0128511
7.45E+09,-0.061402,7.45E+09,0.0110932
7.45E+09,-0.0574796,7.45E+09,0.0130278
7.45E+09,-0.0561008,7.45E+09,0.0155278
7.45E+09,-0.0606374,7.45E+09,0.0122238
7.45E+09,-0.0615974,7.45E+09,0.0109131
7.45E+09,-0.0605811,7.45E+09,0.00553341
7.45E+09,-0.0564626,7.45E+09,0.01269
7.45E+09,-0.0597608,7.45E+09,0.0103308
7.45E+09,-0.0520227,7.45E+09,0.0120591
7.45E+09,-0.0599957,7.45E+09,0.00938449
7.45E+09,-0.0603686,7.45E+09,0.0117895
7.45E+09,-0.0581493,7.45E+09,0.00915843
7.45E+09,-0.0584481,7.45E+09,0.0126428
7.45E+09,-0.0534779,7.45E+09,0.0108152
7.45E+09,-0.0670679,7.45E+09,0.013909
7.45E+09,-0.0620563,7.45E+09,0.0135242
7.45E+09,-0.0590793,7.45E+09,0.00782301
7.45E+09,-0.0592422,7.45E+09,0.00841695
7.45E+09,-0.0589609,7.45E+09,0.00832532
7.45E+09,-0.0622895,7.45E+09,0.0137647
7.45E+09,-0.0630924,7.45E+09,0.0105625
7.45E+09,-0.0590798,7.45E+09,0.0138023
7.45E+09,-0.0575296,7.45E+09,0.0143705
7.45E+09,-0.0613629,7.45E+09,0.0169801
7.45E+09,-0.0637042,7.45E+09,0.00906159
7.45E+09,-0.0593135,7.45E+09,0.00642573
7.45E+09,-0.0637558,7.45E+09,0.0126932
7.45E+09,-0.0632519,7.45E+09,0.0141534
7.45E+09,-0.0638187,7.45E+09,0.0119158
7.45E+09,-0.0559416,7.45E+09,0.0159685
7.45E+09,-0.0608365,7.45E+09,0.0108069
7.45E+09,-0.0591929,7.45E+09,0.0109793
7.45E+09,-0.060223,7.45E+09,0.0144338
7.45E+09,-0.0600811,7.45E+09,0.0094659
7.45E+09,-0.0628107,7.45E+09,0.015335
7.45E+09,-0.0612021,7.45E+09,0.00547107
7.45E+09,-0.0619562,7.45E+09,0.0113863
7.45E+09,-0.0624042,7.45E+09,0.0103239
7.45E+09,-0.0587906,7.45E+09,0.014709
7.45E+09,-0.0589644,7.45E+09,0.0105162
7.45E+09,-0.0551597,7.45E+09,0.0151592
7.45E+09,-0.0590974,7.45E+09,0.013591
7.45E+09,-0.060949,7.45E+09,0.00931283
7.45E+09,-0.0651217,7.45E+09,0.0161435
7.45E+09,-0.0587979,7.45E+09,0.0114145
7.45E+09,-0.0636246,7.45E+09,0.0141683
7.45E+09,-0.0609101,7.45E+09,0.010474
7.45E+09,-0.0576052,7.45E+09,0.0117542
7.45E+09,-0.0584201,7.45E+09,0.00926453
7.45E+09,-0.0585207,7.45E+09,0.0119097
7.45E+09,-0.0580218,7.45E+09,0.0138524
7.45E+09,-0.0589432,7.45E+09,0.0096394
7.45E+09,-0.0578425,7.45E+09,0.00756534
7.45E+09,-0.0632368,7.45E+09,0.00763485
7.45E+09,-0.0603398,7.45E+09,0.0103443
7.45E+09,-0.0659533,7.45E+09,0.00621502
7.45E+09,-0.0602171,7.45E+09,0.0148656
7.45E+09,-0.0589538,7.45E+09,0.0113621
7.45E+09,-0.0552759,7.45E+09,0.0102658
7.45E+09,-0.0592128,7.45E+09,0.0166426
7.45E+09,-0.0597153,7.45E+09,0.0136928
7.45E+09,-0.059065,7.45E+09,0.00926406
7.45E+09,-0.0567384,7.45E+09,0.0111562
7.45E+09,-0.0658043,7.45E+09,0.011441
7.45E+09,-0.0589912,7.45E+09,0.0119622
7.45E+09,-0.0630078,7.45E+09,0.0120347
7.45E+09,-0.0600857,7.45E+09,0.0105099
7.45E+09,-0.0639469,7.45E+09,0.0163034
7.45E+09,-0.0618713,7.45E+09,0.010044
7.45E+09,-0.0600257,7.45E+09,0.0135508
7.45E+09,-0.064517,7.45E+09,0.0152157
7.45E+09,-0.0602685,7.45E+09,0.00885088
7.45E+09,-0.0597655,7.45E+09,0.0120341
7.45E+09,-0.0614906,7.45E+09,0.00864494
7.45E+09,-0.0595687,7.45E+09,0.014311
7.45E+09,-0.0575732,7.45E+09,0.0121813
7.45E+09,-0.0613426,7.45E+09,0.0108778
7.45E+09,-0.0600072,7.45E+09,0.0190565
7.45E+09,-0.060954,7.45E+09,0.0145297
7.45E+09,-0.0574762,7.45E+09,0.00737725
7.45E+09,-0.059747,7.45E+09,0.0100743
7.45E+09,-0.0630706,7.45E+09,0.0159824
7.45E+09,-0.0676845,7.45E+09,0.0104646
7.45E+09,-0.0613982,7.45E+09,0.0154441
7.45E+09,-0.0616802,7.45E+09,0.00934319
7.45E+09,-0.0585543,7.45E+09,0.0133041
7.45E+09,-0.0550393,7.45E+09,0.0084457
7.45E+09,-0.06106,7.45E+09,0.0139343
7.45E+09,-0.0607981,7.45E+09,0.0181929
7.45E+09,-0.0630111,7.45E+09,0.0140941
7.45E+09,-0.0559567,7.45E+09,0.0124546
7.45E+09,-0.0579709,7.45E+09,0.0120187
7.45E+09,-0.060626,7.45E+09,0.0147697
7.45E+09,-0.0591317,7.45E+09,0.0102025
7.45E+09,-0.0614946,7.45E+09,0.0150202
7.45E+09,-0.0657784,7.45E+09,0.012477
7.45E+09,-0.0580603,7.45E+09,0.0107219
7.45E+09,-0.0615519,7.45E+09,0.012159
7.45E+09,-0.0611264,7.45E+09,0.0122463
7.45E+09,-0.0610084,7.45E+09,0.0122931
7.45E+09,-0.0589815,7.45E+09,0.0119757
7.45E+09,-0.0615105,7.45E+09,0.0211765
7.45E+09,-0.0641899,7.45E+09,0.0107123
7.45E+09,-0.0588405,7.45E+09,0.0160099
7.45E+09,-0.0578725,7.45E+09,0.0143198
7.45E+09,-0.0575959,7.45E+09,0.0145614
7.45E+09,-0.0622356,7.45E+09,0.0121946
7.45E+09,-0.0555194,7.45E+09,0.0179683
7.45E+09,-0.0580284,7.45E+09,0.0150952
7.45E+09,-0.0593414,7.45E+09,0.0118323
7.45E+09,-0.0577005,7.45E+09,0.0146761
7.45E+09,-0.0653879,7.45E+09,0.016272
7.45E+09,-0.063958,7.45E+09,0.0117529
7.45E+09,-0.0627589,7.45E+09,0.00990987
7.45E+09,-0.0590341,7.45E+09,0.0155826
7.45E+09,-0.0578812,7.45E+09,0.0175098
7.45E+09,-0.0573915,7.45E+09,0.0147286
7.45E+09,-0.0619986,7.45E+09,0.0132545
7.45E+09,-0.0588741,7.45E+09,0.0151014
7.45E+09,-0.0644686,7.45E+09,0.0150436
7.45E+09,-0.0578064,7.45E+09,0.0130979
7.45E+09,-0.0630941,7.45E+09,0.0101063
7.45E+09,-0.0651323,7.45E+09,0.0147611
7.45E+09,-0.0614961,7.45E+09,0.00979171
7.45E+09,-0.0572684,7.45E+09,0.0158821
7.45E+09,-0.0576945,7.45E+09,0.0114136
7.45E+09,-0.0644666,7.45E+09,0.0151419
7.45E+09,-0.0583108,7.45E+09,0.0103589
7.45E+09,-0.0664466,7.45E+09,0.0123223
7.45E+09,-0.0626962,7.45E+09,0.011875
7.45E+09,-0.0581302,7.45E+09,0.0163999
7.45E+09,-0.0610895,7.45E+09,0.0157237
7.45E+09,-0.0647586,7.45E+09,0.0199973
7.45E+09,-0.0573529,7.45E+09,0.016914
7.45E+09,-0.0586841,7.45E+09,0.0139947
7.45E+09,-0.0589963,7.45E+09,0.0112481
7.45E+09,-0.061245,7.45E+09,0.0111147
7.45E+09,-0.0599806,7.45E+09,0.00897635
7.45E+09,-0.0604865,7.45E+09,0.00923215
7.45E+09,-0.0626351,7.45E+09,0.0124644
7.45E+09,-0.0560364,7.45E+09,0.0130309
7.45E+09,-0.0568455,7.45E+09,0.0128208
7.45E+09,-0.0587513,7.45E+09,0.0120819
7.45E+09,-0.0621583,7.45E+09,0.018589
7.45E+09,-0.0612862,7.45E+09,0.0162055
7.45E+09,-0.0637766,7.45E+09,0.0127575
7.45E+09,-0.0630765,7.45E+09,0.0166328
7.45E+09,-0.0638843,7.45E+09,0.016545
7.45E+09,-0.0585914,7.45E+09,0.0182795
7.45E+09,-0.0611443,7.45E+09,0.00765196
7.45E+09,-0.0578254,7.45E+09,0.0133558
7.45E+09,-0.0588665,7.45E+09,0.0126507
7.45E+09,-0.0604049,7.45E+09,0.0149189
7.45E+09,-0.0596253,7.45E+09,0.0150583
7.45E+09,-0.0594248,7.45E+09,0.0151191
7.45E+09,-0.0617946,7.45E+09,0.0164029
7.45E+09,-0.0626518,7.45E+09,0.0138227
7.45E+09,-0.0638824,7.45E+09,0.00994452
7.45E+09,-0.0588962,7.45E+09,0.0152081
7.45E+09,-0.0561875,7.45E+09,0.013297
7.45E+09,-0.0587537,7.45E+09,0.0127038
7.45E+09,-0.0578337,7.45E+09,0.0167521
7.45E+09,-0.0533475,7.45E+09,0.01371
7.45E+09,-0.0584299,7.45E+09,0.0171314
7.45E+09,-0.056072,7.45E+09,0.0175936
7.45E+09,-0.0599744,7.45E+09,0.00901401
7.45E+09,-0.0632714,7.45E+09,0.0139677
7.45E+09,-0.0606715,7.45E+09,0.010095
7.45E+09,-0.0589806,7.45E+09,0.0122626
7.45E+09,-0.0598473,7.45E+09,0.0202487
7.45E+09,-0.0602235,7.45E+09,0.0135722
7.45E+09,-0.059147,7.45E+09,0.0170503
7.45E+09,-0.0591429,7.45E+09,0.0182503
7.45E+09,-0.0643021,7.45E+09,0.0103057
7.45E+09,-0.0569231,7.45E+09,0.00998538
7.45E+09,-0.0608081,7.45E+09,0.00842737
7.45E+09,-0.0568947,7.45E+09,0.0176334
7.45E+09,-0.0596107,7.45E+09,0.0113211
7.45E+09,-0.0626682,7.45E+09,0.0141965
7.45E+09,-0.0566486,7.45E+09,0.0125814
7.45E+09,-0.0628943,7.45E+09,0.0124603
7.45E+09,-0.0618778,7.45E+09,0.0155377
7.45E+09,-0.0537118,7.45E+09,0.0169934
7.45E+09,-0.0618052,7.45E+09,0.0159937
7.45E+09,-0.059963,7.45E+09,0.013811
7.45E+09,-0.0635454,7.45E+09,0.015567
7.45E+09,-0.0553164,7.45E+09,0.0139602
7.45E+09,-0.0582947,7.45E+09,0.0154087
7.45E+09,-0.05776,7.45E+09,0.017357
7.45E+09,-0.0602977,7.45E+09,0.0129327
7.45E+09,-0.0593285,7.45E+09,0.0165
7.45E+09,-0.0563375,7.45E+09,0.0172697
7.45E+09,-0.0617071,7.45E+09,0.0155118
7.45E+09,-0.0594063,7.45E+09,0.0183747
7.45E+09,-0.0602014,7.45E+09,0.0138092
7.45E+09,-0.066908,7.45E+09,0.0167664
7.45E+09,-0.0622369,7.45E+09,0.0163056
7.45E+09,-0.0580651,7.45E+09,0.0162884
7.45E+09,-0.0589929,7.45E+09,0.0139043
7.45E+09,-0.0586379,7.45E+09,0.0185515
7.45E+09,-0.0645212,7.45E+09,0.0218579
7.45E+09,-0.0550219,7.45E+09,0.0152622
7.45E+09,-0.0591819,7.45E+09,0.0141488
7.45E+09,-0.0685779,7.45E+09,0.0168611
7.45E+09,-0.0648986,7.45E+09,0.0144565
7.45E+09,-0.0567717,7.45E+09,0.0157677
7.45E+09,-0.0628455,7.45E+09,0.0167994
7.45E+09,-0.0599833,7.45E+09,0.0203714
7.45E+09,-0.0590107,7.45E+09,0.013965
7.45E+09,-0.0604596,7.45E+09,0.0149511
7.45E+09,-0.057326,7.45E+09,0.0175992
7.45E+09,-0.0634984,7.45E+09,0.019189
7.45E+09,-0.0603232,7.45E+09,0.0176459
7.45E+09,-0.0571911,7.45E+09,0.0176848
7.45E+09,-0.055845,7.45E+09,0.0215805
7.45E+09,-0.0612126,7.45E+09,0.0184311
7.45E+09,-0.0624459,7.45E+09,0.0130207
7.45E+09,-0.0635601,7.45E+09,0.0178802
7.45E+09,-0.0642981,7.45E+09,0.0189444
7.45E+09,-0.0645501,7.45E+09,0.0169994
7.45E+09,-0.0618537,7.45E+09,0.0172991
7.45E+09,-0.0655816,7.45E+09,0.021797
7.45E+09,-0.0589158,7.45E+09,0.0153682
7.45E+09,-0.0649485,7.45E+09,0.0166557
7.45E+09,-0.0646646,7.45E+09,0.0198008
7.45E+09,-0.0582157,7.45E+09,0.0205398
7.45E+09,-0.0624823,7.45E+09,0.0159448
7.45E+09,-0.0611502,7.45E+09,0.0221343
7.45E+09,-0.0620691,7.45E+09,0.0144437
7.45E+09,-0.0605546,7.45E+09,0.015265
7.45E+09,-0.0589754,7.45E+09,0.0191072
7.45E+09,-0.055217,7.45E+09,0.0133273
7.45E+09,-0.0624274,7.45E+09,0.015006
7.45E+09,-0.061359,7.45E+09,0.0231953
7.45E+09,-0.0598394,7.45E+09,0.0204459
7.45E+09,-0.0631074,7.45E+09,0.0156475
7.45E+09,-0.0531148,7.45E+09,0.0202591
7.45E+09,-0.0580843,7.45E+09,0.0203296
7.45E+09,-0.0537619,7.45E+09,0.0210863
7.45E+09,-0.0603739,7.45E+09,0.0198763
7.45E+09,-0.0615613,7.45E+09,0.018042
7.45E+09,-0.0642787,7.45E+09,0.0172539
7.45E+09,-0.0587153,7.45E+09,0.0196555
7.45E+09,-0.0586789,7.45E+09,0.0200467
7.45E+09,-0.0618283,7.45E+09,0.018905
7.45E+09,-0.0590638,7.45E+09,0.019148
7.45E+09,-0.0581534,7.45E+09,0.0177711
7.45E+09,-0.0582102,7.45E+09,0.0144732
7.45E+09,-0.0539984,7.45E+09,0.0206458
7.45E+09,-0.0605163,7.45E+09,0.0195583
7.45E+09,-0.0572656,7.45E+09,0.0204594
7.45E+09,-0.0583993,7.45E+09,0.0194845
7.45E+09,-0.0648453,7.45E+09,0.0193246
7.45E+09,-0.0556664,7.45E+09,0.0251773
7.45E+09,-0.0602464,7.45E+09,0.0243059
7.45E+09,-0.0572589,7.45E+09,0.0228228
7.45E+09,-0.0590453,7.45E+09,0.0246511
7.45E+09,-0.0617,7.45E+09,0.018503
7.45E+09,-0.062404,7.45E+09,0.0227448
7.45E+09,-0.0579256,7.45E+09,0.0159537
7.45E+09,-0.0574181,7.45E+09,0.0241233
7.45E+09,-0.0577361,7.45E+09,0.0221312
7.45E+09,-0.0629689,7.45E+09,0.0219563
7.45E+09,-0.0615933,7.45E+09,0.0166026
7.45E+09,-0.0541225,7.45E+09,0.0184524
7.45E+09,-0.0554183,7.45E+09,0.0211238
7.45E+09,-0.0574473,7.45E+09,0.0194815
7.45E+09,-0.0585926,7.45E+09,0.0242269
7.45E+09,-0.0636528,7.45E+09,0.0228041
7.45E+09,-0.0576995,7.45E+09,0.0196381
7.45E+09,-0.0587955,7.45E+09,0.0204101
7.45E+09,-0.0586626,7.45E+09,0.0212493
7.45E+09,-0.0586265,7.45E+09,0.0171988
7.45E+09,-0.0576389,7.45E+09,0.0209023
7.45E+09,-0.0611153,7.45E+09,0.0227696
7.45E+09,-0.0606811,7.45E+09,0.0215084
7.45E+09,-0.0557493,7.45E+09,0.0203683
7.45E+09,-0.0582448,7.45E+09,0.0236821
7.45E+09,-0.0620512,7.45E+09,0.0216361
7.45E+09,-0.0667836,7.45E+09,0.0217326
7.45E+09,-0.0543065,7.45E+09,0.0230813
7.45E+09,-0.0574108,7.45E+09,0.0212212
7.45E+09,-0.0557171,7.45E+09,0.0188503
7.45E+09,-0.0568894,7.45E+09,0.0192308
7.45E+09,-0.0530835,7.45E+09,0.0245593
7.45E+09,-0.0587326,7.45E+09,0.0203525
7.45E+09,-0.0565191,7.45E+09,0.0228694
7.45E+09,-0.0608648,7.45E+09,0.0178892
7.45E+09,-0.0606809,7.45E+09,0.0192212
7.45E+09,-0.0621835,7.45E+09,0.0218483
7.45E+09,-0.0551995,7.45E+09,0.022005
7.45E+09,-0.0594329,7.45E+09,0.0243897
7.45E+09,-0.0555008,7.45E+09,0.0230377
7.45E+09,-0.058687,7.45E+09,0.0260674
7.45E+09,-0.059685,7.45E+09,0.0246193
7.45E+09,-0.060746,7.45E+09,0.0271363
7.45E+09,-0.0592797,7.45E+09,0.0230662
7.45E+09,-0.0622459,7.45E+09,0.0221333
7.45E+09,-0.0570533,7.45E+09,0.0249414
7.45E+09,-0.0553007,7.45E+09,0.0222337
7.45E+09,-0.0549518,7.45E+09,0.0237694
7.45E+09,-0.0626091,7.45E+09,0.0274701
7.45E+09,-0.0588863,7.45E+09,0.0210582
7.45E+09,-0.0556459,7.45E+09,0.0263841
7.45E+09,-0.0586166,7.45E+09,0.0305601
7.45E+09,-0.0582765,7.45E+09,0.0271233
7.45E+09,-0.0593416,7.45E+09,0.024636
7.45E+09,-0.0592506,7.45E+09,0.0268728
7.45E+09,-0.0601806,7.45E+09,0.0325895
7.46E+09,-0.0554431,7.46E+09,0.0263138
7.46E+09,-0.0542356,7.46E+09,0.0266982
7.46E+09,-0.0578895,7.46E+09,0.0249084
7.46E+09,-0.0534119,7.46E+09,0.0252592
7.46E+09,-0.055844,7.46E+09,0.0245909
7.46E+09,-0.0583889,7.46E+09,0.0266439
7.46E+09,-0.063635,7.46E+09,0.0257955
7.46E+09,-0.0555955,7.46E+09,0.0269322
7.46E+09,-0.0585828,7.46E+09,0.0276571
7.46E+09,-0.0606323,7.46E+09,0.0279995
7.46E+09,-0.0542961,7.46E+09,0.0230591
7.46E+09,-0.0558356,7.46E+09,0.0273948
7.46E+09,-0.05354,7.46E+09,0.0249171
7.46E+09,-0.0586769,7.46E+09,0.0254841
7.46E+09,-0.0567206,7.46E+09,0.0307848
7.46E+09,-0.0593391,7.46E+09,0.0245539
7.46E+09,-0.0584497,7.46E+09,0.0302873
7.46E+09,-0.0552879,7.46E+09,0.0250858
7.46E+09,-0.0567965,7.46E+09,0.0277793
7.46E+09,-0.0531135,7.46E+09,0.0228
7.46E+09,-0.0568254,7.46E+09,0.0324838
7.46E+09,-0.0578775,7.46E+09,0.0299694
7.46E+09,-0.0607249,7.46E+09,0.0281914
7.46E+09,-0.0531488,7.46E+09,0.0305109
7.46E+09,-0.050072,7.46E+09,0.0316688
7.46E+09,-0.0621272,7.46E+09,0.0295668
7.46E+09,-0.0448899,7.46E+09,0.0283428
7.46E+09,-0.0527834,7.46E+09,0.0294601
7.46E+09,-0.0535026,7.46E+09,0.0294693
7.46E+09,-0.0552002,7.46E+09,0.0360899
7.46E+09,-0.0547247,7.46E+09,0.0340012
7.46E+09,-0.0557666,7.46E+09,0.0332288
7.46E+09,-0.0495396,7.46E+09,0.0351564
7.46E+09,-0.0562249,7.46E+09,0.0326588
7.46E+09,-0.0531109,7.46E+09,0.0302884
7.46E+09,-0.0510568,7.46E+09,0.0334133
7.46E+09,-0.0533658,7.46E+09,0.0314913
7.46E+09,-0.0482238,7.46E+09,0.0322443
7.46E+09,-0.0498031,7.46E+09,0.0330467
7.46E+09,-0.0521613,7.46E+09,0.0338117
7.46E+09,-0.0496084,7.46E+09,0.0323244
7.46E+09,-0.05594,7.46E+09,0.0329102
7.46E+09,-0.0515403,7.46E+09,0.0328454
7.46E+09,-0.053649,7.46E+09,0.037292
7.46E+09,-0.0556221,7.46E+09,0.0363453
7.46E+09,-0.0553442,7.46E+09,0.0352788
7.46E+09,-0.0498171,7.46E+09,0.0339758
7.46E+09,-0.0473802,7.46E+09,0.0355178
7.46E+09,-0.0545493,7.46E+09,0.0370353
7.46E+09,-0.0470668,7.46E+09,0.0355153
7.46E+09,-0.0503386,7.46E+09,0.0315554
7.46E+09,-0.0502836,7.46E+09,0.0389485
7.46E+09,-0.0512773,7.46E+09,0.0434186
7.46E+09,-0.0460403,7.46E+09,0.0371166
7.46E+09,-0.0535387,7.46E+09,0.0405268
7.46E+09,-0.0499958,7.46E+09,0.036843
7.46E+09,-0.0484173,7.46E+09,0.0399144
7.46E+09,-0.045263,7.46E+09,0.0360893
7.46E+09,-0.0474161,7.46E+09,0.0394123
7.46E+09,-0.0489498,7.46E+09,0.0413567
7.46E+09,-0.0492026,7.46E+09,0.0410941
7.46E+09,-0.0479254,7.46E+09,0.0395304
7.46E+09,-0.0454443,7.46E+09,0.0371748
7.46E+09,-0.0488164,7.46E+09,0.0455019
7.46E+09,-0.0420707,7.46E+09,0.0435986
7.46E+09,-0.0455854,7.46E+09,0.0421369
7.46E+09,-0.0400358,7.46E+09,0.0430434
7.46E+09,-0.0419972,7.46E+09,0.0445698
7.46E+09,-0.042534,7.46E+09,0.043798
7.46E+09,-0.0413936,7.46E+09,0.046242
7.46E+09,-0.0419897,7.46E+09,0.0466446
7.46E+09,-0.0367449,7.46E+09,0.043584
7.46E+09,-0.0400012,7.46E+09,0.0412822
7.46E+09,-0.035726,7.46E+09,0.0473194
7.46E+09,-0.0386343,7.46E+09,0.0445355
7.46E+09,-0.0328742,7.46E+09,0.0441987
7.46E+09,-0.0401222,7.46E+09,0.0448958
7.46E+09,-0.0345128,7.46E+09,0.0502072
7.46E+09,-0.0370242,7.46E+09,0.0476689
7.46E+09,-0.0341878,7.46E+09,0.0461106
7.46E+09,-0.0343249,7.46E+09,0.0510158
7.46E+09,-0.0334213,7.46E+09,0.0449176
7.46E+09,-0.0298992,7.46E+09,0.0482009
7.46E+09,-0.0265267,7.46E+09,0.0466968
7.46E+09,-0.0289627,7.46E+09,0.0499357
7.46E+09,-0.0301344,7.46E+09,0.0508901
7.46E+09,-0.0218585,7.46E+09,0.0498099
7.46E+09,-0.02582,7.46E+09,0.0456814
7.46E+09,-0.0264276,7.46E+09,0.0510629
7.46E+09,-0.0201105,7.46E+09,0.0513499
7.46E+09,-0.0250221,7.46E+09,0.0578564
7.46E+09,-0.0210325,7.46E+09,0.0470978
7.46E+09,-0.0212251,7.46E+09,0.0546133
7.46E+09,-0.021339,7.46E+09,0.054444
7.46E+09,-0.0145247,7.46E+09,0.0524277
7.46E+09,-0.0169666,7.46E+09,0.054676
7.46E+09,-0.0104774,7.46E+09,0.0482622
7.46E+09,-0.011801,7.46E+09,0.0478704
7.46E+09,-0.00853733,7.46E+09,0.0489551
7.46E+09,-0.00645177,7.46E+09,0.0524091
7.46E+09,0.000865952,7.46E+09,0.0522945
7.46E+09,-0.00765258,7.46E+09,0.0488659
7.46E+09,0.000868622,7.46E+09,0.0451851
7.46E+09,-0.00179035,7.46E+09,0.0485214
7.46E+09,0.00273224,7.46E+09,0.049386
7.46E+09,0.00814023,7.46E+09,0.0459309
7.46E+09,0.00468966,7.46E+09,0.0428963
7.46E+09,0.00928674,7.46E+09,0.045441
7.46E+09,0.0133968,7.46E+09,0.0416821
7.46E+09,0.0138446,7.46E+09,0.0477489
7.46E+09,0.0110817,7.46E+09,0.0386764
7.46E+09,0.0154942,7.46E+09,0.0326238
7.46E+09,0.0167078,7.46E+09,0.0330251
7.46E+09,0.0152943,7.46E+09,0.0340216
7.46E+09,0.0205222,7.46E+09,0.028916
7.46E+09,0.0245058,7.46E+09,0.0298014
7.46E+09,0.0196366,7.46E+09,0.026512
7.46E+09,0.0248666,7.46E+09,0.0213852
7.46E+09,0.0258009,7.46E+09,0.0226176
7.46E+09,0.0217482,7.46E+09,0.0238072
7.46E+09,0.0261572,7.46E+09,0.010715
7.46E+09,0.0260857,7.46E+09,0.0139429
7.46E+09,0.0255255,7.46E+09,0.0101779
7.46E+09,0.0275124,7.46E+09,0.00419393
7.46E+09,0.0267539,7.46E+09,0.0019652
7.46E+09,0.0215638,7.46E+09,-0.000856667
7.46E+09,0.0261768,7.46E+09,-0.00162488
7.46E+09,0.026465,7.46E+09,0.00256612
7.46E+09,0.0234998,7.46E+09,-0.00445724
7.46E+09,0.0227599,7.46E+09,-0.00651997
7.46E+09,0.0206977,7.46E+09,-0.00927144
7.46E+09,0.02394,7.46E+09,-0.0135155
7.46E+09,0.0288306,7.46E+09,-0.0136943
7.46E+09,0.0221946,7.46E+09,-0.0176561
7.46E+09,0.0167651,7.46E+09,-0.0235829
7.46E+09,0.0213762,7.46E+09,-0.0228591
7.46E+09,0.0164725,7.46E+09,-0.0254863
7.46E+09,0.0194168,7.46E+09,-0.0285801
7.46E+09,0.0129726,7.46E+09,-0.0240964
7.46E+09,0.00810646,7.46E+09,-0.0318481
7.46E+09,0.00843994,7.46E+09,-0.0313546
7.46E+09,0.00900578,7.46E+09,-0.0274034
7.46E+09,0.00506264,7.46E+09,-0.0347707
7.46E+09,0.0049621,7.46E+09,-0.0351471
7.46E+09,0.00507489,7.46E+09,-0.0384291
7.46E+09,0.000943301,7.46E+09,-0.0395273
7.46E+09,0.000618321,7.46E+09,-0.0347793
7.46E+09,-0.00295321,7.46E+09,-0.0376488
7.46E+09,-0.00676953,7.46E+09,-0.0400646
7.46E+09,-0.00249617,7.46E+09,-0.0402043
7.46E+09,-0.00510333,7.46E+09,-0.0326849
7.46E+09,-0.0100195,7.46E+09,-0.0419769
7.46E+09,-0.0113419,7.46E+09,-0.0436764
7.46E+09,-0.0105399,7.46E+09,-0.0415373
7.46E+09,-0.012273,7.46E+09,-0.0361079
7.46E+09,-0.00984828,7.46E+09,-0.0422454
7.46E+09,-0.0166019,7.46E+09,-0.0420435
7.46E+09,-0.0183913,7.46E+09,-0.0385729
7.46E+09,-0.0183616,7.46E+09,-0.0411129
7.46E+09,-0.0178443,7.46E+09,-0.0420209
7.46E+09,-0.0178042,7.46E+09,-0.0391595
7.46E+09,-0.0222026,7.46E+09,-0.0384899
7.46E+09,-0.0250267,7.46E+09,-0.0377479
7.46E+09,-0.0238859,7.46E+09,-0.0405979
7.46E+09,-0.0274081,7.46E+09,-0.0445594
7.46E+09,-0.0312176,7.46E+09,-0.0422408
7.46E+09,-0.0285232,7.46E+09,-0.039992
7.46E+09,-0.0330535,7.46E+09,-0.037622
7.46E+09,-0.0254209,7.46E+09,-0.0391529
7.46E+09,-0.0335348,7.46E+09,-0.0389934
7.46E+09,-0.0347807,7.46E+09,-0.0345101
7.46E+09,-0.0306879,7.46E+09,-0.0395749
7.46E+09,-0.0379751,7.46E+09,-0.035614
7.46E+09,-0.0336564,7.46E+09,-0.0363211
7.46E+09,-0.0399592,7.46E+09,-0.0296716
7.46E+09,-0.0359149,7.46E+09,-0.036214
7.46E+09,-0.0387752,7.46E+09,-0.0377958
7.46E+09,-0.0359106,7.46E+09,-0.0308236
7.46E+09,-0.040444,7.46E+09,-0.0356442
7.46E+09,-0.0407659,7.46E+09,-0.0308229
7.46E+09,-0.0414753,7.46E+09,-0.0327732
7.46E+09,-0.0356961,7.46E+09,-0.0314874
7.46E+09,-0.039406,7.46E+09,-0.0301937
7.46E+09,-0.0442106,7.46E+09,-0.0321492
7.46E+09,-0.0363271,7.46E+09,-0.032031
7.46E+09,-0.0396906,7.46E+09,-0.0305769
7.46E+09,-0.0398126,7.46E+09,-0.0329159
7.46E+09,-0.0374108,7.46E+09,-0.02544
7.46E+09,-0.0381091,7.46E+09,-0.0356349
7.46E+09,-0.038204,7.46E+09,-0.0257752
7.46E+09,-0.0412428,7.46E+09,-0.0301242
7.46E+09,-0.0445484,7.46E+09,-0.0342699
7.46E+09,-0.0438567,7.46E+09,-0.0288091
7.46E+09,-0.042991,7.46E+09,-0.0235239
7.46E+09,-0.0444753,7.46E+09,-0.0338586
7.46E+09,-0.0433276,7.46E+09,-0.0271968
7.46E+09,-0.0455856,7.46E+09,-0.0286428
7.46E+09,-0.041736,7.46E+09,-0.0256266
7.46E+09,-0.0506373,7.46E+09,-0.0282343
7.46E+09,-0.0476178,7.46E+09,-0.0317864
7.46E+09,-0.0495641,7.46E+09,-0.0291299
7.46E+09,-0.0469458,7.46E+09,-0.029173
7.46E+09,-0.0463608,7.46E+09,-0.0286098
7.46E+09,-0.048836,7.46E+09,-0.0315781
7.46E+09,-0.0512508,7.46E+09,-0.0209412
7.46E+09,-0.0502151,7.46E+09,-0.0285488
7.46E+09,-0.0478692,7.46E+09,-0.0283015
7.46E+09,-0.0557197,7.46E+09,-0.0286818
7.46E+09,-0.0563834,7.46E+09,-0.0277431
7.46E+09,-0.0484559,7.46E+09,-0.0259254
7.46E+09,-0.0529621,7.46E+09,-0.026075
7.46E+09,-0.0484997,7.46E+09,-0.0296411
7.46E+09,-0.0525664,7.46E+09,-0.0225813
7.46E+09,-0.05072,7.46E+09,-0.0213898
7.46E+09,-0.0523973,7.46E+09,-0.0266578
7.46E+09,-0.051255,7.46E+09,-0.0241641
7.46E+09,-0.052414,7.46E+09,-0.0230492
7.46E+09,-0.0480341,7.46E+09,-0.0209389
7.46E+09,-0.0545052,7.46E+09,-0.0271498
7.46E+09,-0.054709,7.46E+09,-0.018612
7.46E+09,-0.0524316,7.46E+09,-0.0232816
7.46E+09,-0.0539439,7.46E+09,-0.022882
7.46E+09,-0.0506033,7.46E+09,-0.017306
7.46E+09,-0.0554681,7.46E+09,-0.0211673
7.46E+09,-0.0536066,7.46E+09,-0.0243187
7.46E+09,-0.0501139,7.46E+09,-0.0217509
7.46E+09,-0.0554136,7.46E+09,-0.0188014
7.46E+09,-0.0528919,7.46E+09,-0.021371
7.46E+09,-0.0565877,7.46E+09,-0.0232621
7.46E+09,-0.0561555,7.46E+09,-0.0210012
7.46E+09,-0.0505424,7.46E+09,-0.0210737
7.46E+09,-0.0550671,7.46E+09,-0.0198066
7.46E+09,-0.0539783,7.46E+09,-0.0212547
7.46E+09,-0.0540811,7.46E+09,-0.0224013
7.46E+09,-0.0582766,7.46E+09,-0.0240666
7.46E+09,-0.0543651,7.46E+09,-0.0190743
7.46E+09,-0.0545136,7.46E+09,-0.0211682
7.46E+09,-0.0496336,7.46E+09,-0.0228104
7.46E+09,-0.0532377,7.46E+09,-0.021942
7.46E+09,-0.0592169,7.46E+09,-0.0214046
7.46E+09,-0.0565709,7.46E+09,-0.0204673
7.46E+09,-0.06156,7.46E+09,-0.021805
7.46E+09,-0.0556399,7.46E+09,-0.0231019
7.46E+09,-0.0615162,7.46E+09,-0.0248724
7.46E+09,-0.0572651,7.46E+09,-0.0180453
7.46E+09,-0.0557253,7.46E+09,-0.0182692
7.46E+09,-0.0610314,7.46E+09,-0.015263
7.46E+09,-0.0607772,7.46E+09,-0.0171543
7.46E+09,-0.0598939,7.46E+09,-0.0175181
7.46E+09,-0.057063,7.46E+09,-0.0191104
7.46E+09,-0.0547915,7.46E+09,-0.0175769
7.46E+09,-0.0615858,7.46E+09,-0.0210155
7.46E+09,-0.0546827,7.46E+09,-0.0161209
7.46E+09,-0.0565135,7.46E+09,-0.0180357
7.46E+09,-0.0590535,7.46E+09,-0.0154285
7.46E+09,-0.0522478,7.46E+09,-0.0191526
7.46E+09,-0.0524904,7.46E+09,-0.0232931
7.46E+09,-0.0567159,7.46E+09,-0.0195624
7.46E+09,-0.0547655,7.46E+09,-0.0210984
7.46E+09,-0.0603992,7.46E+09,-0.0198001
7.46E+09,-0.0565492,7.46E+09,-0.019613
7.46E+09,-0.0603837,7.46E+09,-0.0124703
7.46E+09,-0.0523074,7.46E+09,-0.0174824
7.46E+09,-0.0580408,7.46E+09,-0.0131116
7.46E+09,-0.057857,7.46E+09,-0.0206598
7.46E+09,-0.0555786,7.46E+09,-0.0124318
7.46E+09,-0.0574414,7.46E+09,-0.016262
7.46E+09,-0.0599027,7.46E+09,-0.0222195
7.46E+09,-0.0591624,7.46E+09,-0.018882
7.46E+09,-0.0534012,7.46E+09,-0.0181502
7.46E+09,-0.0542044,7.46E+09,-0.0151673
7.46E+09,-0.0578174,7.46E+09,-0.018364
7.46E+09,-0.0581367,7.46E+09,-0.0186206
7.46E+09,-0.0571995,7.46E+09,-0.0172683
7.46E+09,-0.0576323,7.46E+09,-0.0162041
7.46E+09,-0.0589973,7.46E+09,-0.0181558
7.46E+09,-0.0550755,7.46E+09,-0.0154247
7.46E+09,-0.0572469,7.46E+09,-0.0189464
7.46E+09,-0.0591811,7.46E+09,-0.0185805
7.46E+09,-0.0583599,7.46E+09,-0.0160423
7.46E+09,-0.0573888,7.46E+09,-0.0208751
7.46E+09,-0.0574061,7.46E+09,-0.0164827
7.46E+09,-0.0619149,7.46E+09,-0.0167428
7.46E+09,-0.0585386,7.46E+09,-0.0154248
7.46E+09,-0.0616316,7.46E+09,-0.0155315
7.46E+09,-0.0523532,7.46E+09,-0.0113259
7.46E+09,-0.0603434,7.46E+09,-0.0173019
7.46E+09,-0.0580063,7.46E+09,-0.0160241
7.46E+09,-0.0577526,7.46E+09,-0.0145899
7.46E+09,-0.0597939,7.46E+09,-0.0137272
7.46E+09,-0.0566868,7.46E+09,-0.00848999
7.46E+09,-0.0622605,7.46E+09,-0.0135455
7.46E+09,-0.0611692,7.46E+09,-0.0135133
7.46E+09,-0.0635732,7.46E+09,-0.0116997
7.46E+09,-0.0615812,7.46E+09,-0.0184446
7.46E+09,-0.0576066,7.46E+09,-0.0205005
7.46E+09,-0.0597587,7.46E+09,-0.0163554
7.46E+09,-0.0619677,7.46E+09,-0.0177601
7.46E+09,-0.0548707,7.46E+09,-0.0161064
7.46E+09,-0.0564952,7.46E+09,-0.0185247
7.46E+09,-0.0585577,7.46E+09,-0.0131209
7.46E+09,-0.0602333,7.46E+09,-0.0104666
7.46E+09,-0.0582002,7.46E+09,-0.0141958
7.46E+09,-0.0620789,7.46E+09,-0.0160092
7.46E+09,-0.0622865,7.46E+09,-0.0160927
7.46E+09,-0.0586894,7.46E+09,-0.0130574
7.46E+09,-0.0581194,7.46E+09,-0.0138129
7.46E+09,-0.0629296,7.46E+09,-0.0110258
7.46E+09,-0.0558903,7.46E+09,-0.0101379
7.46E+09,-0.0611364,7.46E+09,-0.0119133
7.46E+09,-0.0602929,7.46E+09,-0.0158425
7.46E+09,-0.060712,7.46E+09,-0.012511
7.46E+09,-0.0610728,7.46E+09,-0.0125148
7.46E+09,-0.0596905,7.46E+09,-0.0146253
7.46E+09,-0.0579075,7.46E+09,-0.0148718
7.46E+09,-0.0659952,7.46E+09,-0.0126588
7.46E+09,-0.0601757,7.46E+09,-0.0171291
7.46E+09,-0.061934,7.46E+09,-0.0147374
7.46E+09,-0.0554127,7.46E+09,-0.0123116
7.46E+09,-0.0618348,7.46E+09,-0.00860309
7.46E+09,-0.061312,7.46E+09,-0.010208
7.46E+09,-0.0588921,7.46E+09,-0.0150843
7.46E+09,-0.0612159,7.46E+09,-0.0158267
7.46E+09,-0.0664136,7.46E+09,-0.0109459
7.46E+09,-0.0595327,7.46E+09,-0.0146988
7.46E+09,-0.0559108,7.46E+09,-0.013737
7.46E+09,-0.0570938,7.46E+09,-0.0126777
7.46E+09,-0.059954,7.46E+09,-0.0120363
7.46E+09,-0.0583043,7.46E+09,-0.00480037
7.46E+09,-0.0578691,7.46E+09,-0.0164983
7.46E+09,-0.0591359,7.46E+09,-0.0169673
7.46E+09,-0.058799,7.46E+09,-0.0134486
7.46E+09,-0.0575696,7.46E+09,-0.0120975
7.46E+09,-0.0601014,7.46E+09,-0.0161931
7.46E+09,-0.0638672,7.46E+09,-0.0149089
7.46E+09,-0.0645085,7.46E+09,-0.00566053
7.46E+09,-0.0595425,7.46E+09,-0.0111166
7.46E+09,-0.0637241,7.46E+09,-0.0140231
7.46E+09,-0.0581249,7.46E+09,-0.0112976
7.46E+09,-0.0627921,7.46E+09,-0.012107
7.46E+09,-0.0567932,7.46E+09,-0.0116191
7.46E+09,-0.0556065,7.46E+09,-0.0104882
7.46E+09,-0.0601596,7.46E+09,-0.00848017
7.46E+09,-0.0582312,7.46E+09,-0.0134426
7.46E+09,-0.0600884,7.46E+09,-0.00762805
7.46E+09,-0.0627337,7.46E+09,-0.00731404
7.46E+09,-0.0564329,7.46E+09,-0.0135079
7.46E+09,-0.0621911,7.46E+09,-0.0106396
7.46E+09,-0.0581516,7.46E+09,-0.0118004
7.46E+09,-0.0604113,7.46E+09,-0.0119731
7.46E+09,-0.0622393,7.46E+09,-0.00897344
7.46E+09,-0.0674328,7.46E+09,-0.0102555
7.46E+09,-0.0604562,7.46E+09,-0.00990394
7.46E+09,-0.0616955,7.46E+09,-0.00846416
7.46E+09,-0.0569807,7.46E+09,-0.0146184
7.46E+09,-0.0647128,7.46E+09,-0.0125937
7.46E+09,-0.0584211,7.46E+09,-0.0143003
7.46E+09,-0.0604783,7.46E+09,-0.0100968
7.46E+09,-0.0620045,7.46E+09,-0.0082902
7.46E+09,-0.0639023,7.46E+09,-0.0107586
7.46E+09,-0.0595145,7.46E+09,-0.00931061
7.46E+09,-0.064125,7.46E+09,-0.0115613
7.46E+09,-0.0627154,7.46E+09,-0.013242
7.46E+09,-0.0612181,7.46E+09,-0.0124822
7.46E+09,-0.0623784,7.46E+09,-0.0102031
7.46E+09,-0.0590595,7.46E+09,-0.0107735
7.46E+09,-0.0596203,7.46E+09,-0.00609466
7.46E+09,-0.0586323,7.46E+09,-0.0107102
7.46E+09,-0.0587356,7.46E+09,-0.00953465
7.46E+09,-0.0596225,7.46E+09,-0.0117143
7.46E+09,-0.0629711,7.46E+09,-0.00909408
7.46E+09,-0.0603006,7.46E+09,-0.00981175
7.46E+09,-0.061197,7.46E+09,-0.00722745
7.46E+09,-0.0621513,7.46E+09,-0.0111018
7.46E+09,-0.0609695,7.46E+09,-0.00755325
7.46E+09,-0.0608973,7.46E+09,-0.0106716
7.46E+09,-0.0596258,7.46E+09,-0.00932403
7.46E+09,-0.0650188,7.46E+09,-0.0125354
7.46E+09,-0.0610042,7.46E+09,-0.0124491
7.46E+09,-0.0601182,7.46E+09,-0.00912247
7.46E+09,-0.0557288,7.46E+09,-0.0108146
7.46E+09,-0.0641181,7.46E+09,-0.0106849
7.46E+09,-0.064478,7.46E+09,-0.0130425
7.46E+09,-0.0612302,7.46E+09,-0.0119609
7.46E+09,-0.0644441,7.46E+09,-0.00946914
7.46E+09,-0.0598037,7.46E+09,-0.0116128
7.46E+09,-0.05774,7.46E+09,-0.00821987
7.46E+09,-0.0632638,7.46E+09,-0.00672736
7.46E+09,-0.0587859,7.46E+09,-0.0136372
7.46E+09,-0.063725,7.46E+09,-0.0091579
7.46E+09,-0.063031,7.46E+09,-0.00694016
7.46E+09,-0.0638256,7.46E+09,-0.0061553
7.46E+09,-0.0600831,7.46E+09,-0.00700393
7.46E+09,-0.0592376,7.46E+09,-0.00860982
7.46E+09,-0.0614938,7.46E+09,-0.00646777
7.46E+09,-0.0634886,7.46E+09,-0.00929368
7.46E+09,-0.0637724,7.46E+09,-0.0129294
7.46E+09,-0.066107,7.46E+09,-0.0139761
7.46E+09,-0.0663005,7.46E+09,-0.0131872
7.46E+09,-0.0625294,7.46E+09,-0.0128564
7.46E+09,-0.0582662,7.46E+09,-0.00821432
7.46E+09,-0.0623979,7.46E+09,-0.00662758
7.46E+09,-0.0585827,7.46E+09,-0.0049153
7.46E+09,-0.057519,7.46E+09,-0.00346033
7.46E+09,-0.0608764,7.46E+09,-0.0110759
7.46E+09,-0.0654747,7.46E+09,-0.0121825
7.46E+09,-0.0584917,7.46E+09,-0.0061836
7.46E+09,-0.0658213,7.46E+09,-0.00740725
7.46E+09,-0.0675713,7.46E+09,-0.00812444
7.46E+09,-0.0688685,7.46E+09,-0.00598909
7.46E+09,-0.0633097,7.46E+09,-0.00522175
7.46E+09,-0.0628769,7.46E+09,-0.0122939
7.46E+09,-0.0608829,7.46E+09,-0.00898868
7.46E+09,-0.0641376,7.46E+09,-0.00529675
7.46E+09,-0.0619651,7.46E+09,-0.00716627
7.46E+09,-0.0647229,7.46E+09,-0.00781377
7.46E+09,-0.0661833,7.46E+09,-0.00672066
7.46E+09,-0.0675678,7.46E+09,-0.00560854
7.46E+09,-0.0630658,7.46E+09,-0.00793149
7.46E+09,-0.059543,7.46E+09,-0.0119741
7.46E+09,-0.0554056,7.46E+09,-0.00971565
7.46E+09,-0.0610325,7.46E+09,-0.00794277
7.46E+09,-0.0538755,7.46E+09,-0.00575617
7.46E+09,-0.0620042,7.46E+09,-0.00649968
7.46E+09,-0.0637748,7.46E+09,-0.00861413
7.46E+09,-0.0576621,7.46E+09,-0.00743885
7.46E+09,-0.0596294,7.46E+09,-0.0130891
7.46E+09,-0.0606148,7.46E+09,-0.0075575
7.46E+09,-0.0582887,7.46E+09,-0.0119852
7.46E+09,-0.0604122,7.46E+09,-0.00591409
7.46E+09,-0.0599932,7.46E+09,-0.0103224
7.46E+09,-0.0638177,7.46E+09,-0.00790227
7.46E+09,-0.0568249,7.46E+09,-0.0100178
7.46E+09,-0.0695353,7.46E+09,-0.00662683
7.46E+09,-0.0608297,7.46E+09,-0.00694426
7.46E+09,-0.0649188,7.46E+09,-0.00778499
7.46E+09,-0.0627914,7.46E+09,-0.01019
7.46E+09,-0.0633004,7.46E+09,-0.00819455
7.46E+09,-0.0597902,7.46E+09,-0.00775151
7.46E+09,-0.0638056,7.46E+09,-0.00876011
7.46E+09,-0.0650154,7.46E+09,-0.0128405
7.46E+09,-0.0596605,7.46E+09,-0.00775998
7.46E+09,-0.061024,7.46E+09,-0.00814877
7.46E+09,-0.0672434,7.46E+09,-0.00498282
7.46E+09,-0.0610803,7.46E+09,-0.00875397
7.46E+09,-0.0639372,7.46E+09,-0.0101556
7.46E+09,-0.0602743,7.46E+09,-0.00746238
7.46E+09,-0.0582846,7.46E+09,-0.00864283
7.46E+09,-0.0661896,7.46E+09,-0.0115278
7.46E+09,-0.0662478,7.46E+09,-0.00591301
7.46E+09,-0.0641156,7.46E+09,-0.00765442
7.46E+09,-0.0619232,7.46E+09,-0.006172
7.46E+09,-0.0681036,7.46E+09,-0.00731757
7.46E+09,-0.0704223,7.46E+09,-0.00980089
7.46E+09,-0.0612394,7.46E+09,-0.00654716
7.46E+09,-0.0555493,7.46E+09,-0.00694671
7.46E+09,-0.0591109,7.46E+09,-0.00753355
7.46E+09,-0.059715,7.46E+09,-0.0045974
7.46E+09,-0.0637705,7.46E+09,-0.00761575
7.46E+09,-0.0656851,7.46E+09,-0.00427139
7.46E+09,-0.0615145,7.46E+09,-0.0112956
7.46E+09,-0.0585995,7.46E+09,-0.012535
7.46E+09,-0.0638984,7.46E+09,-0.00702557
7.46E+09,-0.0600496,7.46E+09,-0.00876498
7.46E+09,-0.0665306,7.46E+09,-0.0090507
7.46E+09,-0.0624228,7.46E+09,-0.00963303
7.46E+09,-0.0639483,7.46E+09,-0.0116137
7.46E+09,-0.0597563,7.46E+09,-0.00276253
7.46E+09,-0.061588,7.46E+09,-0.00877896
7.46E+09,-0.0595709,7.46E+09,-0.004878
7.46E+09,-0.0679365,7.46E+09,-0.00490286
7.46E+09,-0.0604862,7.46E+09,-0.00593393
7.46E+09,-0.0623743,7.46E+09,-0.00579602
7.46E+09,-0.0654466,7.46E+09,-0.00770863
7.46E+09,-0.0599033,7.46E+09,-0.00599659
7.46E+09,-0.0601602,7.46E+09,-0.0113105
7.46E+09,-0.0659392,7.46E+09,-0.00493116
7.46E+09,-0.0682015,7.46E+09,-0.00927206
7.46E+09,-0.0645577,7.46E+09,-0.00910138
7.46E+09,-0.0640383,7.46E+09,-0.0084963
7.46E+09,-0.0619908,7.46E+09,-0.00837014
7.46E+09,-0.0593777,7.46E+09,-0.00835252
7.46E+09,-0.0599978,7.46E+09,-0.0101951
7.46E+09,-0.0588422,7.46E+09,-0.00789937
7.46E+09,-0.0670417,7.46E+09,-0.00653839
7.46E+09,-0.0624178,7.46E+09,-0.00777163
7.46E+09,-0.0635565,7.46E+09,-0.0061696
7.46E+09,-0.0630763,7.46E+09,-0.00830769
7.46E+09,-0.0600541,7.46E+09,-0.00476047
7.46E+09,-0.0625326,7.46E+09,-0.00652133
7.46E+09,-0.0659428,7.46E+09,-0.00579241
7.46E+09,-0.0631488,7.46E+09,-0.00852522
7.46E+09,-0.0636059,7.46E+09,-0.0124758
7.46E+09,-0.0603851,7.46E+09,-0.00639017
7.46E+09,-0.0599358,7.46E+09,-0.00678568
7.46E+09,-0.0630594,7.46E+09,-0.00992766
7.46E+09,-0.0652156,7.46E+09,-0.00849882
7.46E+09,-0.0597229,7.46E+09,-0.0111134
7.46E+09,-0.0595384,7.46E+09,-0.0133507
7.46E+09,-0.0625654,7.46E+09,-0.01094
7.47E+09,-0.0644947,7.47E+09,-0.0049951
7.47E+09,-0.0644037,7.47E+09,-0.0105272
7.47E+09,-0.0690827,7.47E+09,-0.00949803
7.47E+09,-0.0612007,7.47E+09,-0.00797224
7.47E+09,-0.0631213,7.47E+09,-0.0092908
7.47E+09,-0.0667031,7.47E+09,-0.0120141
7.47E+09,-0.0625731,7.47E+09,-0.0103037
7.47E+09,-0.0659021,7.47E+09,-0.00937879
7.47E+09,-0.06438,7.47E+09,-0.00468784
7.47E+09,-0.0645287,7.47E+09,-0.00828117
7.47E+09,-0.0653178,7.47E+09,-0.0133392
7.47E+09,-0.0619777,7.47E+09,-0.0120477
7.47E+09,-0.0637614,7.47E+09,-0.00518229
7.47E+09,-0.0570621,7.47E+09,-0.0124906
7.47E+09,-0.0583334,7.47E+09,-0.0102803
7.47E+09,-0.0618139,7.47E+09,-0.00643857
7.47E+09,-0.0624116,7.47E+09,-0.00571094
7.47E+09,-0.0628746,7.47E+09,-0.0042835
7.47E+09,-0.0583881,7.47E+09,-0.0100212
7.47E+09,-0.0622219,7.47E+09,-0.0111881
7.47E+09,-0.0649056,7.47E+09,-0.00263223
7.47E+09,-0.059063,7.47E+09,-0.00479106
7.47E+09,-0.0661875,7.47E+09,-0.0117474
7.47E+09,-0.061569,7.47E+09,-0.00660876
7.47E+09,-0.0617755,7.47E+09,-0.00894485
7.47E+09,-0.0644563,7.47E+09,-0.00850973
7.47E+09,-0.0657021,7.47E+09,-0.00957216
7.47E+09,-0.0627404,7.47E+09,-0.00984925
7.47E+09,-0.059778,7.47E+09,-0.00620895
7.47E+09,-0.0636619,7.47E+09,-0.00841691
7.47E+09,-0.0613068,7.47E+09,-0.00856476
7.47E+09,-0.0638799,7.47E+09,-0.00970587
7.47E+09,-0.0625733,7.47E+09,-0.0094342
7.47E+09,-0.0664965,7.47E+09,-0.00983476
7.47E+09,-0.0654209,7.47E+09,-0.00950363
7.47E+09,-0.0639697,7.47E+09,-0.00383769
7.47E+09,-0.0620898,7.47E+09,-0.00679738
7.47E+09,-0.0653178,7.47E+09,-0.00823889
7.47E+09,-0.0659735,7.47E+09,-0.00765253
7.47E+09,-0.0586695,7.47E+09,-0.00395835
7.47E+09,-0.0642092,7.47E+09,-0.0110669
7.47E+09,-0.0654272,7.47E+09,-0.00990657
7.47E+09,-0.0636275,7.47E+09,-0.0139685
7.47E+09,-0.0621633,7.47E+09,-0.00353664
7.47E+09,-0.0609021,7.47E+09,-0.00878818
7.47E+09,-0.0650546,7.47E+09,-0.00863271
7.47E+09,-0.0700522,7.47E+09,-0.00852682
7.47E+09,-0.0661503,7.47E+09,-0.0127133
7.47E+09,-0.0640533,7.47E+09,-0.00506914
7.47E+09,-0.0645565,7.47E+09,-0.00945457
7.47E+09,-0.0622776,7.47E+09,-0.00938462
7.47E+09,-0.0602656,7.47E+09,-0.00679825
7.47E+09,-0.0663613,7.47E+09,-0.00107658
7.47E+09,-0.0633925,7.47E+09,-0.00677653
7.47E+09,-0.0589394,7.47E+09,-0.0100103
7.47E+09,-0.0639852,7.47E+09,-0.0108845
7.47E+09,-0.0597599,7.47E+09,-0.00695152
7.47E+09,-0.0705545,7.47E+09,-0.0109206
7.47E+09,-0.0645506,7.47E+09,-0.00341847
7.47E+09,-0.066508,7.47E+09,-0.00371762
7.47E+09,-0.0657247,7.47E+09,-0.0118998
7.47E+09,-0.0624951,7.47E+09,-0.00388817
7.47E+09,-0.0575584,7.47E+09,-0.00842392
7.47E+09,-0.0660482,7.47E+09,-0.00566167
7.47E+09,-0.0589874,7.47E+09,-0.00933139
7.47E+09,-0.0622425,7.47E+09,-0.013851
7.47E+09,-0.0629164,7.47E+09,-0.00608907
7.47E+09,-0.063181,7.47E+09,-0.00736919
7.47E+09,-0.0648849,7.47E+09,-0.0103748
7.47E+09,-0.0627361,7.47E+09,-0.00733145
7.47E+09,-0.0641706,7.47E+09,-0.00913378
7.47E+09,-0.0606285,7.47E+09,-0.00480342
7.47E+09,-0.0614129,7.47E+09,-0.00960703
7.47E+09,-0.0648061,7.47E+09,-0.00492209
7.47E+09,-0.0629586,7.47E+09,-0.00876121
7.47E+09,-0.0663263,7.47E+09,-0.00515748
7.47E+09,-0.0667438,7.47E+09,-0.00385145
7.47E+09,-0.0666793,7.47E+09,-0.00884628
7.47E+09,-0.0637988,7.47E+09,-0.0097999
7.47E+09,-0.0662845,7.47E+09,-0.00790742
7.47E+09,-0.0627552,7.47E+09,-0.00673556
7.47E+09,-0.0648774,7.47E+09,-0.00409382
7.47E+09,-0.0644489,7.47E+09,-0.00906518
7.47E+09,-0.0628904,7.47E+09,-0.00767323
7.47E+09,-0.0670681,7.47E+09,-0.00822178
7.47E+09,-0.0593923,7.47E+09,-0.00893023
7.47E+09,-0.0666837,7.47E+09,-0.00867741
7.47E+09,-0.0617575,7.47E+09,-0.00744737
7.47E+09,-0.0621772,7.47E+09,-0.00913747
7.47E+09,-0.0602501,7.47E+09,-0.00974521
7.47E+09,-0.0561735,7.47E+09,-0.00593815
7.47E+09,-0.0633199,7.47E+09,-0.00728962
7.47E+09,-0.0642964,7.47E+09,-0.00313902
7.47E+09,-0.0652282,7.47E+09,-0.00883565
7.47E+09,-0.0677048,7.47E+09,-0.00959557
7.47E+09,-0.0624338,7.47E+09,-0.00820093
7.47E+09,-0.0645252,7.47E+09,-0.0125806
7.47E+09,-0.0643949,7.47E+09,-0.00878492
7.47E+09,-0.0696458,7.47E+09,-0.0118579
7.47E+09,-0.0642135,7.47E+09,-0.0117377
7.47E+09,-0.0673016,7.47E+09,-0.00525733
7.47E+09,-0.0638012,7.47E+09,-0.00307626
7.47E+09,-0.060512,7.47E+09,-0.00460459
7.47E+09,-0.0646454,7.47E+09,-0.00853363
7.47E+09,-0.0620351,7.47E+09,-0.00864371
7.47E+09,-0.0649995,7.47E+09,-0.00789197
7.47E+09,-0.065347,7.47E+09,-0.00949456
7.47E+09,-0.0623861,7.47E+09,-0.0113661
7.47E+09,-0.0610383,7.47E+09,0.000703455
7.47E+09,-0.0661369,7.47E+09,-0.00892725
7.47E+09,-0.0637494,7.47E+09,-0.00905562
7.47E+09,-0.0681126,7.47E+09,-0.00583271
7.47E+09,-0.0631431,7.47E+09,-0.00462358
7.47E+09,-0.0655582,7.47E+09,-0.00318396
7.47E+09,-0.0665417,7.47E+09,-0.00378156
7.47E+09,-0.0635173,7.47E+09,-0.0108692
7.47E+09,-0.0621163,7.47E+09,-0.00685765
7.47E+09,-0.0654658,7.47E+09,-0.00347393
7.47E+09,-0.0598029,7.47E+09,-0.00909242
7.47E+09,-0.0624521,7.47E+09,-0.00529972
7.47E+09,-0.0610427,7.47E+09,-0.00724134
7.47E+09,-0.0612834,7.47E+09,-0.0118468
7.47E+09,-0.06605,7.47E+09,-0.00319797
7.47E+09,-0.0603324,7.47E+09,-0.00639341
7.47E+09,-0.0627229,7.47E+09,-0.012661
7.47E+09,-0.0686827,7.47E+09,-0.00498899
